pdb, avg_time, std_time
1A1X_A, 1.4087, 0.0042
1A5T_A, 4.1323, 0.0664
1A96_D, 2.1976, 0.0063
1AM2_A, 2.0091, 0.0016
1AMX_A, 1.7843, 0.0022
1AOC_A, 2.7378, 0.0201
1AVO_B, 2.8029, 0.0178
1B4F_F, 1.1443, 0.0005
1B63_A, 4.2890, 0.0884
1BCP_B, 2.4586, 0.0100
1BJA_A, 1.3772, 0.0048
1BTE_A, 1.2844, 0.0025
1BU3_A, 1.3114, 0.0006
1CFB_A, 2.7846, 0.0174
1CS0_C, 12.4208, 0.1098
1CVJ_F, 1.7287, 0.0057
1D2N_A, 3.3508, 0.0195
1D2P_A, 5.7826, 0.0553
1DD3_A, 1.8293, 0.0017
1DGJ_A, 11.8262, 0.1583
1DYP_A, 3.1016, 0.0292
1E5R_A, 3.2813, 0.0471
1EE0_A, 3.6944, 0.0670
1EJF_A, 1.3975, 0.0047
1EM2_A, 2.4863, 0.0018
1EPA_A, 1.8474, 0.0010
1EUT_A, 6.6864, 0.0080
1F5A_A, 5.9032, 0.0772
1FC5_B, 5.7396, 0.0111
1FKM_A, 4.0366, 0.0857
1FNN_A, 5.1603, 0.0064
1FS0_G, 2.9422, 0.0333
1G2W_A, 3.3377, 0.0376
1G4T_B, 2.2782, 0.0132
1G8Q_A, 1.2868, 0.0010
1GAN_A, 1.4296, 0.0024
1GGE_D, 11.3154, 0.0870
1GL4_A, 3.5079, 0.0428
1GMV_B, 1.7089, 0.0002
1GO3_F, 2.0438, 0.0065
1GQK_B, 8.1536, 0.0633
1GRW_D, 1.5801, 0.0044
1GU2_A, 1.6649, 0.0050
1GVN_A, 1.2837, 0.0039
1GWC_C, 2.4846, 0.0026
1GXK_D, 2.2120, 0.0109
1H21_A, 3.5319, 0.0616
1H30_A, 5.8173, 0.0975
1H4R_B, 4.1972, 0.0727
1H4X_A, 1.2838, 0.0014
1H5K_A, 3.0634, 0.0023
1H6P_B, 2.6487, 0.0202
1HF8_A, 3.2716, 0.0371
1HW1_A, 3.0783, 0.0395
1HZX_A, 4.3289, 0.0756
1I24_A, 4.0486, 0.0523
1I2K_A, 3.1394, 0.0373
1I8L_D, 1.4351, 0.0030
1II0_B, 5.8797, 0.0700
1IK4_E, 1.9047, 0.0057
1IO8_A, 3.8139, 0.0482
1IOO_A, 2.2246, 0.0103
1IQ8_A, 7.2288, 0.1269
1IQV_A, 2.3230, 0.0017
1IUW_A, 4.3130, 0.0763
1IXC_A, 4.1497, 0.0807
1J0W_A, 1.1833, 0.0027
1J22_A, 1.6793, 0.0043
1JDE_A, 10.7394, 0.1441
1JEQ_A, 11.6002, 0.0686
1JHS_A, 2.2445, 0.0007
1JID_A, 1.6410, 0.0069
1JKV_D, 4.8611, 0.0505
1JOA_A, 4.5655, 0.0671
1JQJ_D, 4.8894, 0.0835
1K3D_A, 5.7682, 0.1351
1K66_A, 1.7178, 0.0018
1K6M_A, 4.8059, 0.0626
1K7C_A, 2.1505, 0.0097
1KCF_A, 2.8960, 0.0232
1KF6_C, 3.4814, 0.0479
1KI1_B, 5.6643, 0.0921
1KLF_P, 4.9965, 0.0316
1KOE_A, 1.9073, 0.0063
1KRF_B, 4.4551, 0.0039
1KU8_G, 1.2925, 0.0036
1L4U_A, 1.8196, 0.0046
1L8L_A, 2.5349, 0.0019
1LBA_A, 1.5499, 0.0030
1LFP_A, 2.6399, 0.0023
1LPB_A, 1.2376, 0.0040
1LTS_A, 2.1358, 0.0048
1LU4_A, 1.1499, 0.0022
1LVM_A, 2.8337, 0.0026
1LYN_B, 1.6465, 0.0058
1LYQ_A, 1.3121, 0.0010
1M56_C, 4.3039, 0.0811
1M7Y_A, 5.1223, 0.0730
1MG7_A, 4.5739, 0.0823
1MKZ_A, 1.8716, 0.0005
1MPR_A, 4.3232, 0.0026
1MZP_A, 2.9498, 0.0301
1N0F_B, 1.9787, 0.0016
1N97_A, 3.8565, 0.0365
1NAR_A, 3.0520, 0.0291
1NEP_A, 1.3675, 0.0013
1NLX_J, 1.2572, 0.0010
1NN5_A, 2.3180, 0.0117
1NOU_B, 5.3135, 0.0612
1NUB_A, 3.3984, 0.0488
1NX8_A, 2.7084, 0.0017
1O5E_L, 1.6590, 0.0056
1O6O_D, 0.0786, 0.0007
1OBB_A, 5.3101, 0.0870
1OCS_A, 1.9728, 0.0043
1ODL_B, 2.5010, 0.0023
1OFU_X, 1.4167, 0.0033
1OJ5_A, 1.2986, 0.0028
1OK7_B, 5.0220, 0.0744
1OKC_A, 3.2071, 0.0339
1P0Z_H, 1.5463, 0.0041
1PJU_A, 1.5714, 0.0018
1PL7_A, 3.9492, 0.0821
1POC_A, 1.7235, 0.0014
1PP0_A, 2.2225, 0.0079
1Q23_H, 2.6161, 0.0182
1Q33_A, 3.8805, 0.0024
1Q8I_A, 10.4565, 0.0650
1QFG_A, 7.5089, 0.0062
1QHH_C, 1.8076, 0.0852
1QUS_A, 3.8754, 0.0561
1R7A_A, 5.6330, 0.0508
1RFS_A, 1.3968, 0.0012
1RGX_A, 2.0235, 0.0084
1RJ2_A, 4.8681, 0.0710
1RLO_C, 2.9991, 0.0026
1RO5_A, 2.5152, 0.0119
1RWI_A, 2.3776, 0.0015
1RXQ_A, 2.0889, 0.0015
1RZ4_A, 2.5949, 0.0017
1S1D_A, 3.0544, 0.0316
1S2V_B, 3.9554, 0.0604
1S2Z_A, 2.6366, 0.0046
1S3S_G, 1.7346, 0.0018
1S4E_F, 3.4662, 0.0582
1S70_B, 5.6375, 0.0930
1S99_A, 2.4045, 0.0137
1SEZ_A, 5.3386, 0.0622
1SFP_A, 1.1863, 0.0037
1SIO_A, 3.1077, 0.0253
1SQ0_B, 3.0705, 0.0073
1STZ_A, 4.1898, 0.0454
1T2O_C, 1.9526, 0.0057
1T3W_A, 2.7380, 0.0128
1T6P_B, 9.8449, 0.0832
1TE5_A, 2.8817, 0.0224
1TFH_A, 3.2229, 0.0397
1TH1_A, 6.4467, 0.1153
1TIE_A, 1.7099, 0.0051
1TKK_C, 3.1805, 0.0015
1TMO_A, 10.9626, 0.2025
1TOA_A, 3.1610, 0.0055
1TR8_A, 2.0236, 0.0023
1TUH_A, 1.6508, 0.0021
1TUL_A, 1.3435, 0.0019
1TX4_A, 2.1237, 0.0046
1U07_A, 1.5428, 0.0051
1U2H_A, 1.2873, 0.0034
1U8G_A, 1.3600, 0.0037
1UAK_A, 3.9486, 0.0628
1UH3_A, 6.5803, 0.0950
1UN1_A, 3.0120, 0.0012
1UZ5_A, 5.6740, 0.0574
1V0E_D, 10.9800, 0.0273
1V4G_B, 5.3220, 0.0029
1V55_P, 3.1186, 0.0237
1V74_B, 1.1659, 0.0014
1V9D_B, 5.2589, 0.0950
1VBV_A, 0.9429, 0.0028
1VJV_A, 4.8138, 0.0435
1VK6_A, 3.2073, 0.0340
1VLY_A, 3.4417, 0.0503
1VQ8_A, 3.5580, 0.0383
1VQR_A, 3.3006, 0.0346
1VQT_A, 2.0202, 0.0029
1VSG_A, 5.7592, 0.0796
1VYK_A, 1.5359, 0.0064
1W13_U, 2.6970, 0.0019
1W20_A, 4.0451, 0.0753
1W33_A, 3.5967, 0.0036
1W53_A, 1.3366, 0.0024
1W8S_E, 2.4762, 0.0017
1W94_A, 2.0532, 0.0018
1W98_B, 3.1103, 0.0345
1WA3_A, 1.8888, 0.0233
1WK9_A, 1.6982, 0.0012
1WMH_A, 1.0763, 0.0026
1WMH_B, 1.0593, 0.0005
1WOC_A, 1.4863, 0.0049
1WR6_C, 1.5802, 0.0004
1WSU_C, 1.0559, 0.0007
1WYU_H, 6.7270, 0.1100
1X7D_A, 3.7441, 0.0515
1X91_A, 1.9300, 0.0034
1XD3_A, 2.5699, 0.0014
1XHX_C, 7.2513, 0.1101
1XJV_A, 3.8349, 0.0478
1XKR_A, 2.3832, 0.0042
1XKU_A, 3.4656, 0.0031
1XMK_A, 1.1805, 0.0005
1XNI_E, 1.5474, 0.0015
1XS6_D, 2.4271, 0.0047
1Y14_A, 2.0866, 0.0069
1Y8O_B, 1.2053, 0.0040
1YHQ_I, 1.0604, 0.0046
1YKB_E, 1.5631, 0.0039
1YKD_A, 5.7732, 0.0980
1YSL_A, 3.8365, 0.0630
1YT3_A, 4.8449, 0.0921
1YZH_A, 2.4191, 0.0024
1Z21_A, 1.2952, 0.0021
1ZJC_A, 4.5832, 0.0737
1ZM8_A, 2.3281, 0.0127
1ZR6_A, 4.4859, 0.0536
1ZSQ_A, 5.8225, 0.0713
1ZY9_A, 5.2052, 0.0045
20GS_A, 2.2546, 0.0024
2A68_O, 1.5299, 0.0054
2A90_A, 2.0107, 0.0016
2AN1_A, 3.7039, 0.0655
2APC_A, 3.8923, 0.0689
2AR0_A, 6.7443, 0.0541
2ARZ_A, 2.9103, 0.0033
2AU3_A, 5.4329, 0.0781
2B2A_A, 2.3880, 0.0029
2B35_E, 2.7746, 0.0235
2B5I_D, 1.8641, 0.0053
2BC4_A, 2.8060, 0.0217
2BE5_C, 20.4549, 0.1175
2BH1_X, 0.8658, 0.0018
2BIW_A, 4.7049, 0.0227
2BK9_A, 1.9500, 0.0014
2BKJ_A, 3.0439, 0.0297
2BKR_A, 2.4795, 0.0014
2BL8_A, 1.5085, 0.0011
2BOJ_C, 1.2970, 0.0003
2BOL_A, 4.5091, 0.0030
2BPS_A, 0.8926, 0.0025
2BRF_A, 1.1768, 0.0017
2C1I_A, 5.8212, 0.1018
2C1L_A, 4.2594, 0.0489
2C27_A, 3.6619, 0.0554
2C3F_A, 8.2828, 0.0599
2C91_I, 3.3431, 0.0462
2CAY_A, 1.6505, 0.0045
2CC3_A, 2.1331, 0.0014
2CDY_C, 2.2373, 0.0083
2CH7_A, 8.0685, 0.0205
2CHN_B, 9.4218, 0.0681
2CIU_A, 2.1894, 0.0055
2CKX_A, 1.0923, 0.0036
2CLB_A, 2.3484, 0.0008
2CN2_B, 7.6051, 0.1121
2CO5_A, 1.3483, 0.0035
2CO6_A, 1.5359, 0.0008
2CX0_A, 2.0648, 0.0022
2CZR_A, 3.0944, 0.0299
2D3Y_A, 2.1417, 0.0063
2D5W_A, 6.5536, 0.0654
2D81_A, 2.7234, 0.0024
2D9Q_B, 5.9629, 0.1275
2D9R_A, 1.0257, 0.0015
2DLA_A, 3.1658, 0.0433
2E24_A, 7.4082, 0.0855
2E2M_J, 3.2559, 0.0424
2E2O_A, 3.3543, 0.0434
2E3H_A, 1.1201, 0.0004
2E4P_B, 1.2661, 0.0004
2E7S_G, 3.7578, 0.0630
2E7Y_A, 3.9613, 0.0507
2EI9_A, 2.2370, 0.0119
2EIJ_E, 1.4703, 0.0019
2EIJ_H, 1.3734, 0.0009
2EYU_A, 2.9008, 0.0276
2F29_B, 3.3472, 0.0350
2F2L_A, 1.7663, 0.0046
2F51_A, 1.0956, 0.0010
2F5G_A, 2.0338, 0.0068
2F6H_X, 5.4858, 0.0943
2FA1_A, 2.0682, 0.0054
2FIA_A, 1.8291, 0.0012
2FJC_F, 1.8441, 0.0043
2FKG_A, 5.6482, 0.0296
2FKN_B, 5.2122, 0.0906
2FTX_A, 1.3658, 0.0029
2FU4_A, 1.0095, 0.0027
2FUR_A, 2.8832, 0.0210
2G0B_A, 1.9968, 0.0028
2G0D_A, 4.9269, 0.0783
2G38_A, 1.2671, 0.0039
2G3N_D, 8.5276, 0.0588
2GC7_B, 1.5748, 0.0029
2GEY_A, 2.7550, 0.0212
2GGO_A, 4.0309, 0.0700
2GLF_A, 5.3853, 0.0536
2GMF_A, 1.5885, 0.0043
2GP4_A, 5.9129, 0.0837
2GPJ_A, 2.7852, 0.0023
2H0R_C, 2.5589, 0.0182
2H2W_A, 3.3306, 0.0428
2H6N_B, 2.8034, 0.0207
2HBW_A, 2.4803, 0.0010
2HCF_A, 2.3035, 0.0032
2HD5_A, 3.8417, 0.0562
2HJE_A, 2.6481, 0.0160
2HLD_H, 1.7414, 0.0010
2HPS_A, 1.9097, 0.0038
2HQ6_A, 1.9397, 0.0050
2HQL_A, 2.1869, 0.0082
2HS5_A, 2.4933, 0.0034
2HSN_A, 2.9888, 0.0017
2HTI_A, 1.6513, 0.0013
2HYI_B, 1.2585, 0.0050
2HYJ_A, 2.0878, 0.0028
2I0Z_A, 4.6671, 0.0424
2I5B_A, 2.6345, 0.0024
2IEG_B, 9.6563, 0.1863
2IEL_A, 1.7349, 0.0056
2IHR_1, 6.1472, 0.1189
2IJE_S, 3.4353, 0.0364
2IN5_A, 2.4835, 0.0010
2IOJ_A, 1.2452, 0.0007
2IP6_A, 1.0148, 0.0021
2IQX_B, 1.7539, 0.0012
2IXC_A, 2.4350, 0.0166
2IZZ_A, 3.2327, 0.0444
2J1R_B, 1.2588, 0.0031
2J5U_A, 3.2317, 0.0404
2J72_A, 1.3025, 0.0009
2J7N_A, 14.0138, 0.1793
2J9L_A, 2.4960, 0.0087
2JJQ_A, 4.3094, 0.0279
2JKP_B, 7.6167, 0.0090
2JKR_A, 11.3085, 0.1652
2NNW_D, 2.5093, 0.0025
2NPT_D, 1.2763, 0.0029
2NRU_D, 3.5100, 0.0452
2NSM_A, 3.9184, 0.0349
2NTQ_B, 4.1340, 0.0083
2NWB_A, 4.2148, 0.0696
2NWH_A, 3.3552, 0.0435
2O2X_A, 2.2382, 0.0089
2O5H_A, 1.7559, 0.0055
2O8B_B, 15.1952, 0.2160
2O8Q_A, 1.9104, 0.0063
2OAJ_A, 13.5354, 0.1455
2OIT_A, 5.4000, 0.0859
2OKX_A, 12.1768, 0.0697
2OLN_A, 3.7522, 0.0517
2OPK_A, 1.4857, 0.0060
2OPW_A, 3.0028, 0.0242
2OU3_A, 2.1836, 0.0016
2OZE_A, 3.1430, 0.0355
2P4G_A, 2.9557, 0.0302
2PJS_A, 1.5542, 0.0052
2PKL_A, 3.0794, 0.0333
2PL2_A, 2.5345, 0.0127
2POR_A, 3.2658, 0.0159
2PU8_B, 3.8864, 0.0586
2PY2_A, 1.3755, 0.0049
2PYX_A, 5.7456, 0.0664
2Q1W_A, 2.9464, 0.0288
2Q2B_A, 1.9278, 0.0040
2QGA_B, 6.8998, 0.1342
2QHP_A, 2.8221, 0.0008
2QKE_D, 1.3916, 0.0025
2QKV_A, 1.1959, 0.0028
2QMH_D, 2.9737, 0.0277
2QMI_A, 5.1728, 0.0701
2QN6_B, 1.0963, 0.0022
2QNL_A, 2.0921, 0.0055
2QNR_A, 3.0399, 0.0030
2QQD_H, 1.6877, 0.0018
2QRW_H, 1.5935, 0.0047
2QSW_A, 1.1801, 0.0037
2QU8_A, 2.4204, 0.0014
2QVW_A, 11.9584, 0.0614
2R00_A, 3.4271, 0.0208
2R44_A, 4.7821, 0.0839
2R78_A, 1.5698, 0.0039
2RF0_D, 0.7114, 0.0014
2RFF_A, 1.5871, 0.0044
2RG4_A, 3.0153, 0.0279
2RR1_3, 4.8155, 0.0785
2UX8_C, 3.5070, 0.0510
2V0W_A, 1.7389, 0.0010
2V7Q_A, 5.7730, 0.0507
2V8S_E, 1.9667, 0.0056
2VBK_A, 7.2054, 0.1451
2VCH_A, 5.0186, 0.0010
2VFK_A, 2.7416, 0.0024
2VLT_B, 1.1006, 0.0025
2VPA_A, 3.7544, 0.0661
2VQ5_A, 2.7464, 0.0021
2VQC_A, 0.9308, 0.0020
2VQE_C, 3.1248, 0.0351
2VT8_A, 1.3754, 0.0037
2VW9_A, 2.0792, 0.0014
2VXG_A, 1.6010, 0.0031
2W18_A, 3.1215, 0.0144
2W1K_A, 2.1486, 0.0061
2W2P_A, 2.8940, 0.0014
2W5P_A, 1.5562, 0.0049
2W81_C, 3.0317, 0.0278
2WB0_X, 5.0619, 0.0975
2WCI_B, 1.6365, 0.0057
2WD5_B, 2.6394, 0.0013
2WFA_A, 2.5765, 0.0099
2WGS_J, 5.7759, 0.0921
2WIY_A, 4.4895, 0.0700
2WUX_A, 3.8167, 0.0498
2X06_D, 3.8675, 0.0566
2X18_G, 1.7858, 0.0053
2X3G_A, 1.7415, 0.0061
2X3M_A, 2.1931, 0.0149
2X6W_A, 6.8521, 0.1067
2XE4_A, 8.3702, 0.0731
2XGP_B, 7.2868, 0.0541
2XKB_B, 5.8419, 0.0591
2XN1_B, 11.1085, 0.2798
2XO8_A, 11.5090, 0.1721
2XPI_B, 0.8336, 0.0035
2XRC_B, 6.3165, 0.0769
2XSE_A, 2.0539, 0.0009
2XTS_B, 4.3477, 0.0927
2XXP_A, 3.8627, 0.0293
2Y0N_A, 2.4909, 0.0009
2Y4S_A, 10.5954, 0.0854
2Y6X_A, 1.3619, 0.0068
2Y8N_B, 1.1753, 0.0014
2Y9X_B, 4.7834, 0.0934
2YAD_A, 0.9166, 0.0042
2YG2_A, 1.8197, 0.0033
2YJG_A, 4.0397, 0.0619
2YML_B, 2.4569, 0.0012
2YN5_A, 4.1783, 0.0456
2YT4_A, 2.6507, 0.0189
2YVL_B, 3.2246, 0.0323
2YVS_A, 2.7518, 0.0193
2YWL_A, 1.9559, 0.0021
2YXH_A, 2.0921, 0.0066
2Z86_B, 7.7030, 0.0625
2Z9Y_A, 2.7511, 0.0163
2ZJR_J, 2.4261, 0.0120
2ZOU_A, 1.5344, 0.0049
2ZPX_A, 1.9262, 0.0038
3A0O_A, 9.5103, 0.1177
3A0S_A, 1.3948, 0.0025
3A1J_B, 3.8152, 0.0585
3A1J_C, 3.1382, 0.0289
3A6P_A, 18.5146, 0.0869
3A72_A, 3.5811, 0.0605
3ACH_A, 1.9626, 0.0057
3AHD_A, 10.4719, 0.1361
3AIH_A, 1.5506, 0.0070
3AII_A, 5.7925, 0.0623
3AIZ_B, 3.0976, 0.0289
3AKL_D, 3.4140, 0.0446
3ALP_A, 5.5681, 0.1221
3AMI_A, 4.2612, 0.0817
3ANP_A, 2.8134, 0.0231
3AOV_C, 4.9391, 0.0836
3ATR_A, 4.4898, 0.0711
3AXS_A, 4.5330, 0.0865
3B0C_T, 1.7668, 0.0056
3B0P_A, 3.2425, 0.0025
3B9O_A, 4.9525, 0.0858
3B9T_A, 4.5357, 0.0419
3B9X_B, 2.6530, 0.0020
3BB9_A, 1.4582, 0.0011
3BES_R, 4.2650, 0.0078
3BF2_A, 1.6218, 0.0012
3BF4_A, 1.6942, 0.0024
3BLE_A, 3.4481, 0.0506
3BPT_A, 4.2457, 0.0026
3BWU_D, 1.6446, 0.0033
3BYQ_A, 2.2567, 0.0067
3C64_A, 3.0995, 0.0324
3C9A_A, 2.9687, 0.0294
3CC2_W, 1.7753, 0.0037
3CE8_A, 1.5755, 0.0043
3CEB_A, 2.7798, 0.0010
3CES_A, 6.9402, 0.1011
3CHU_B, 3.2508, 0.0393
3CK1_A, 1.8591, 0.0032
3CK6_A, 3.2138, 0.0434
3CM8_A, 5.9029, 0.0013
3CP7_A, 2.0110, 0.0010
3CQZ_H, 1.8799, 0.0010
3CTA_A, 2.7595, 0.0012
3CTR_A, 1.4875, 0.0010
3CU2_A, 2.3678, 0.0128
3CUQ_A, 3.2463, 0.0356
3CWF_A, 1.3196, 0.0056
3CWM_A, 4.3680, 0.0607
3CZC_A, 1.0732, 0.0025
3D01_J, 1.9160, 0.0010
3D0R_B, 3.7482, 0.0226
3D1P_A, 1.3504, 0.0031
3D2W_A, 0.8136, 0.0013
3D31_C, 3.9370, 0.0258
3D6I_A, 1.3289, 0.0051
3D7L_A, 2.2261, 0.0108
3DCM_X, 2.0983, 0.0023
3DDJ_A, 3.0458, 0.0339
3DJE_A, 4.4726, 0.0831
3DJM_A, 1.5834, 0.0047
3DML_A, 1.0996, 0.0035
3DR7_D, 4.1026, 0.0719
3DR8_A, 2.2532, 0.0011
3DS8_A, 2.6898, 0.0037
3DSH_A, 3.7664, 0.0410
3DXR_A, 1.5070, 0.0011
3DZL_B, 2.4249, 0.0086
3E38_A, 4.1495, 0.0715
3E3R_A, 2.7370, 0.0014
3E54_A, 2.1890, 0.0065
3E5X_C, 2.7480, 0.0088
3E7Q_A, 2.7048, 0.0128
3E86_B, 1.5830, 0.0059
3EBE_A, 2.3728, 0.0019
3EBY_A, 1.8854, 0.0008
3ECQ_B, 23.2989, 0.1031
3EGE_A, 2.6794, 0.0133
3EHC_A, 1.3451, 0.0009
3EJV_A, 2.2972, 0.0013
3ELS_A, 1.7827, 0.0025
3EMI_A, 2.3827, 0.0124
3EMR_A, 3.1547, 0.0398
3ERW_A, 1.5913, 0.0011
3ESL_A, 2.8267, 0.0026
3EWL_A, 1.7590, 0.0041
3EXQ_A, 2.0987, 0.0044
3EYT_A, 1.7827, 0.0021
3F0H_A, 3.8643, 0.0312
3F1X_A, 4.5049, 0.0885
3F6C_A, 1.4560, 0.0042
3F6J_A, 1.9031, 0.0017
3F79_D, 2.9610, 0.0266
3FA3_I, 3.9957, 0.0507
3FE6_A, 1.2604, 0.0029
3FHV_A, 1.7000, 0.0007
3FKC_A, 2.0701, 0.0067
3FLO_B, 2.7914, 0.0017
3FNJ_C, 1.7286, 0.0023
3FPQ_A, 3.0564, 0.0024
3FQM_A, 2.1184, 0.0080
3FR9_B, 2.3848, 0.0135
3FTT_A, 2.1202, 0.0060
3FX3_B, 3.0561, 0.0245
3FXZ_A, 3.1545, 0.0369
3FZE_A, 2.4033, 0.0029
3G1N_A, 4.5051, 0.0640
3G3S_A, 2.8096, 0.0018
3G5I_D, 2.8949, 0.0015
3G5J_A, 1.8221, 0.0013
3G67_A, 6.7654, 0.0871
3GA5_B, 3.1081, 0.0350
3GI1_B, 2.6305, 0.0060
3GKU_A, 4.5281, 0.0838
3GOH_A, 3.5317, 0.0514
3GQV_A, 3.8095, 0.0665
3GU3_A, 3.3347, 0.0029
3GUU_A, 4.1460, 0.0915
3GW2_A, 1.6375, 0.0007
3GYD_A, 2.2417, 0.0013
3GYR_J, 6.4233, 0.0475
3GZ8_C, 2.5585, 0.0053
3H0L_K, 5.7206, 0.0943
3H36_A, 1.0650, 0.0042
3H76_B, 3.4674, 0.0524
3H8U_A, 1.5695, 0.0034
3H9P_A, 2.7188, 0.0020
3HBC_A, 3.3045, 0.0429
3HBL_D, 17.4909, 0.1727
3HBM_A, 3.4790, 0.0487
3HFI_A, 1.8386, 0.0067
3HGQ_A, 3.7303, 0.0675
3HJ6_A, 2.7640, 0.0008
3HL0_A, 3.2869, 0.0450
3HL6_A, 2.5451, 0.0145
3HM4_A, 1.6799, 0.0048
3HO7_A, 2.8517, 0.0838
3HUG_O, 0.9060, 0.0018
3HUP_A, 1.6591, 0.0061
3HX6_A, 5.2333, 0.0974
3HX8_A, 1.7332, 0.0048
3HXA_E, 1.0874, 0.0004
3HYB_A, 2.3315, 0.0015
3HZ4_A, 1.4172, 0.0058
3I04_P, 8.6240, 0.0612
3I3F_A, 1.4930, 0.0028
3I7K_A, 17.0985, 0.1134
3IAY_A, 12.8289, 0.0942
3IC9_A, 5.9944, 0.0798
3ICY_A, 2.0762, 0.0064
3IE4_A, 1.1736, 0.0026
3IE7_A, 3.5501, 0.0598
3IEK_D, 4.4423, 0.0817
3IMK_A, 1.7079, 0.0039
3IN6_A, 2.2073, 0.0005
3IWP_B, 2.8579, 0.0058
3JQO_A, 4.4925, 0.1103
3JQP_D, 3.4774, 0.0521
3JQW_A, 1.4141, 0.0015
3JS8_A, 5.4926, 0.0964
3JVD_A, 2.8404, 0.0027
3JZ3_A, 1.8488, 0.0040
3K0W_A, 2.4693, 0.0031
3K29_A, 3.6543, 0.0571
3K3S_D, 1.0126, 0.0034
3K6Y_A, 2.5892, 0.0026
3K8P_C, 4.5507, 0.1005
3KDR_A, 4.7540, 0.0751
3KEA_A, 3.9646, 0.0549
3KEB_A, 2.0498, 0.0046
3KF6_B, 1.4511, 0.0040
3KF8_A, 3.1880, 0.0416
3KHK_A, 6.0988, 0.0036
3KIF_D, 1.5352, 0.0058
3KIO_B, 2.5008, 0.0039
3KLL_A, 16.4707, 0.1142
3KMH_A, 2.4692, 0.0017
3KOL_A, 2.3816, 0.0085
3KRM_A, 2.4021, 0.0046
3KT6_B, 4.8196, 0.0890
3KUT_B, 1.0368, 0.0031
3KVC_B, 5.4022, 0.0915
3KVN_A, 6.3120, 0.0854
3KW3_B, 4.5174, 0.0795
3KZH_A, 3.8342, 0.0616
3L09_A, 3.0062, 0.0203
3L22_A, 4.9771, 0.1095
3L4E_A, 2.0391, 0.0006
3L4T_A, 11.2201, 0.1138
3L5K_A, 2.6212, 0.0132
3L6E_B, 2.4196, 0.0016
3L7V_A, 2.9335, 0.0026
3L81_A, 3.8025, 0.0560
3LAH_B, 2.2527, 0.0114
3LAZ_A, 1.6668, 0.0049
3LCC_A, 2.2002, 0.0013
3LDT_A, 2.1435, 0.0037
3LGX_D, 5.7361, 0.0645
3LHI_A, 2.3471, 0.0145
3LIM_D, 1.7876, 0.0802
3LIN_D, 1.5772, 0.0040
3LL3_A, 5.4964, 0.0857
3LMI_C, 3.1288, 0.0323
3LMO_A, 1.2446, 0.0007
3LUA_A, 1.3202, 0.0023
3LUQ_A, 1.2716, 0.0006
3M03_A, 1.2654, 0.0015
3M1E_A, 1.3211, 0.0016
3M32_E, 5.0906, 0.0815
3M7N_G, 3.2336, 0.0005
3MCQ_A, 3.6700, 0.0505
3MDV_B, 4.8548, 0.0814
3ME0_B, 2.1414, 0.0068
3MGD_A, 2.3347, 0.0071
3MJ0_A, 1.4871, 0.0042
3ML4_A, 2.3089, 0.0119
3MPK_A, 2.6452, 0.0143
3MQ1_A, 1.7235, 0.0031
3MQ2_A, 2.5041, 0.0168
3MR7_A, 2.0222, 0.0015
3MSQ_A, 2.5825, 0.0016
3MVK_I, 1.4295, 0.0013
3N3U_A, 3.5674, 0.0416
3N70_A, 1.7971, 0.0076
3N7X_A, 3.8783, 0.0201
3N84_A, 1.6157, 0.0027
3N89_A, 4.4893, 0.0044
3N98_A, 6.3627, 0.0053
3NAR_A, 1.1135, 0.0028
3NBC_A, 1.7236, 0.0055
3NBI_A, 3.2381, 0.0360
3NNE_F, 5.0744, 0.0416
3NNH_B, 0.9505, 0.0014
3NO0_A, 2.9888, 0.0280
3NOH_A, 1.5643, 0.0026
3NQH_A, 4.5740, 0.0607
3NVD_B, 8.4364, 0.1476
3NVQ_A, 8.4126, 0.0852
3NVY_K, 3.3253, 0.0398
3NXA_D, 1.3937, 0.0816
3NZ3_A, 2.0084, 0.0032
3NZN_A, 1.3094, 0.0007
3O0N_A, 6.9879, 0.0776
3O1Q_C, 2.4070, 0.0021
3O26_A, 3.1212, 0.0327
3O2Q_A, 3.8833, 0.0630
3O8H_A, 2.2934, 0.0046
3OE3_A, 1.2320, 0.0047
3OJ0_A, 1.9670, 0.0017
3OKI_A, 2.7118, 0.0210
3OO8_A, 3.7471, 0.0514
3ORJ_A, 4.9592, 0.1148
3OS7_A, 3.6030, 0.0593
3OUG_B, 1.5217, 0.0056
3OV5_A, 1.0016, 0.0017
3P0U_A, 3.7803, 0.0630
3P26_A, 5.5654, 0.0703
3P48_A, 1.9539, 0.0093
3PAN_B, 2.9251, 0.0020
3PE6_A, 3.4695, 0.0453
3PE7_A, 3.8913, 0.0617
3PET_A, 2.3973, 0.0010
3PFO_A, 4.5933, 0.0020
3PFT_A, 1.9608, 0.0066
3PGX_B, 2.6164, 0.0027
3PJV_D, 2.8481, 0.0029
3PL2_A, 2.9648, 0.0816
3PLT_A, 3.4611, 0.0510
3PMI_A, 1.6836, 0.0066
3PND_C, 4.1445, 0.0759
3PNX_A, 2.1614, 0.0085
3PPB_A, 2.1339, 0.0044
3PPL_A, 4.8778, 0.1167
3PRN_A, 3.1617, 0.0289
3PSR_B, 1.4046, 0.0024
3PU6_A, 1.4741, 0.0037
3PUC_A, 1.4783, 0.0038
3PV7_A, 3.0636, 0.0076
3PYJ_A, 1.1075, 0.0051
3PYW_A, 2.1866, 0.0018
3Q0I_A, 4.1112, 0.0769
3Q2B_A, 1.1790, 0.0015
3Q31_A, 2.5708, 0.0011
3QD7_X, 1.5544, 0.0008
3QJ4_A, 3.7817, 0.0385
3QJN_A, 1.2887, 0.0055
3QKS_A, 3.9067, 0.0469
3QQZ_A, 2.2868, 0.0023
3QTG_A, 4.8030, 0.0824
3QV0_A, 2.7302, 0.0183
3QWN_J, 2.8845, 0.0270
3R00_A, 3.1958, 0.0370
3R2J_A, 1.9556, 0.0058
3R9K_A, 2.2778, 0.0029
3RAC_A, 4.4702, 0.0253
3RBQ_D, 1.8455, 0.0051
3RBS_A, 3.8697, 0.0777
3RBU_A, 7.5431, 0.0624
3RFA_B, 3.9370, 0.0565
3RJ2_X, 1.4955, 0.0014
3RJ6_A, 1.8105, 0.0013
3RJT_A, 2.4103, 0.0111
3RMR_A, 4.0120, 0.0217
3RNV_A, 1.4810, 0.0011
3RPC_A, 2.5946, 0.0041
3RPF_A, 2.0117, 0.0091
3RQI_A, 2.1148, 0.0060
3RQW_J, 4.4915, 0.0161
3RRU_A, 1.5384, 0.0006
3RRZ_A, 1.6313, 0.0006
3RV0_B, 6.3520, 0.1623
3RZU_F, 1.9541, 0.0016
3S14_E, 3.1867, 0.0420
3S3T_A, 1.9155, 0.0057
3S3W_C, 7.7277, 0.0613
3S6E_A, 1.4412, 0.0040
3SIG_A, 3.0260, 0.0217
3SK2_A, 2.6805, 0.0187
3SQF_A, 1.1479, 0.0036
3SRC_B, 6.7908, 0.0471
3SXO_B, 4.7595, 0.0691
3SYX_A, 1.5203, 0.0043
3SZT_A, 3.0843, 0.0336
3T7V_A, 3.5824, 0.0615
3TCJ_B, 1.1591, 0.0046
3TEB_A, 2.8834, 0.0018
3TEE_A, 3.3837, 0.0431
3TFZ_A, 2.3224, 0.0016
3TG9_A, 3.3866, 0.0412
3TGV_A, 2.0896, 0.0092
3THF_A, 4.2788, 0.0873
3TNY_A, 2.9297, 0.0262
3TUN_A, 6.3624, 0.0880
3TXY_A, 2.2017, 0.0077
3U0C_A, 3.4014, 0.0506
3U34_C, 2.3503, 0.0013
3U3W_A, 3.6516, 0.0416
3U48_A, 7.9654, 0.0639
3U5C_a, 2.0827, 0.0056
3U5E_S, 3.3872, 0.0455
3U5E_U, 1.2954, 0.0026
3U5G_S, 2.5857, 0.0157
3U5G_U, 2.5953, 0.0143
3U5I_W, 5.9192, 0.0946
3U8V_A, 0.6805, 0.0011
3UB1_A, 3.7052, 0.0318
3UBT_A, 3.7804, 0.0182
3UDW_B, 1.3790, 0.0046
3UFB_A, 5.7974, 0.1215
3UFI_A, 3.3299, 0.0491
3UJK_A, 3.1915, 0.0300
3UJZ_A, 8.0734, 0.1300
3USE_L, 6.3648, 0.0950
3UWU_B, 2.8155, 0.0293
3UXL_B, 3.3764, 0.0384
3V21_C, 3.8080, 0.0622
3V32_A, 2.0914, 0.0013
3V39_A, 5.0179, 0.0572
3V5N_D, 4.1689, 0.0834
3V69_A, 1.7907, 0.0049
3V7P_A, 4.2927, 0.0972
3VCD_H, 2.0391, 0.0172
3VOL_A, 2.0937, 0.0076
3VTX_A, 2.6799, 0.0233
3VW4_A, 2.5440, 0.0177
3VWA_A, 8.0193, 0.2671
3W0F_A, 2.9512, 0.0408
3W4S_A, 2.8380, 0.0263
3WAS_A, 4.6661, 0.0363
3WCO_A, 5.0563, 0.0751
3WFN_E, 2.6727, 0.0169
3WFZ_A, 9.7027, 0.0225
3ZCI_A, 2.5139, 0.0126
3ZD7_A, 9.3259, 0.0476
3ZFZ_A, 9.2977, 0.1776
3ZH5_A, 2.0169, 0.0039
3ZJM_C, 2.1916, 0.0078
3ZM6_A, 5.0004, 0.0524
3ZMK_D, 2.3838, 0.0138
3ZPN_A, 1.6979, 0.0040
3ZRP_A, 4.0258, 0.0415
3ZS6_A, 5.5403, 0.0446
3ZVH_B, 4.1073, 0.0536
4ABL_A, 1.8002, 0.0017
4ABM_A, 1.6578, 0.0102
4AEC_A, 4.2852, 0.0875
4AGH_A, 1.5672, 0.0040
4AIW_A, 2.0550, 0.0046
4AJW_B, 10.3329, 0.1246
4AK1_A, 10.2296, 0.0802
4AKM_A, 1.8689, 0.0050
4AN8_A, 5.9829, 0.0787
4AP8_D, 1.9645, 0.0046
4AQP_C, 1.3912, 0.0020
4AVR_A, 1.2717, 0.0038
4AXG_C, 1.0091, 0.0011
4AY7_A, 3.2552, 0.0381
4B62_A, 1.4014, 0.0033
4B87_A, 3.7544, 0.0403
4B93_A, 1.9307, 0.0099
4BG7_A, 1.5958, 0.0028
4BJH_B, 3.1111, 0.0020
4BJT_A, 2.1485, 0.0028
4BKS_I, 1.9166, 0.0022
4BKT_B, 1.2619, 0.0030
4BOL_B, 4.1650, 0.0845
4BQ5_A, 9.0399, 0.1500
4BT2_A, 2.3602, 0.0013
4BTD_Y, 2.0990, 0.0021
4BTF_A, 6.1771, 0.1183
4BVS_B, 3.5820, 0.0582
4BWD_A, 1.7208, 0.0081
4BXO_A, 2.7266, 0.0185
4C8V_H, 2.0685, 0.0005
4CB8_A, 6.7326, 0.1042
4CC9_B, 1.9486, 0.0065
4D94_A, 22.0892, 0.2027
4DDP_A, 2.5034, 0.0016
4DEX_B, 0.9751, 0.0026
4DNJ_A, 4.0009, 0.0709
4DNM_A, 2.9172, 0.0302
4DVG_B, 4.7901, 0.0664
4DZZ_A, 2.4261, 0.0196
4E12_A, 3.2924, 0.0388
4E6T_A, 3.4653, 0.0493
4E9O_X, 2.4639, 0.0018
4EBY_A, 2.2899, 0.0020
4EDI_A, 2.5444, 0.0022
4EHC_A, 2.3915, 0.0008
4EJ0_J, 3.5454, 0.0417
4EQ9_A, 2.6333, 0.0152
4ER8_A, 2.1481, 0.0018
4ESH_A, 2.3788, 0.0110
4EVX_A, 1.5559, 0.0020
4F0I_B, 3.2400, 0.0409
4F42_A, 1.0699, 0.0034
4F7F_B, 1.2729, 0.0014
4F7O_A, 3.1727, 0.0409
4F9D_A, 6.9446, 0.0908
4F9F_A, 5.6865, 0.0540
4FAY_A, 2.3391, 0.0097
4FBB_B, 2.9182, 0.0061
4FCA_A, 5.6388, 0.0868
4FEI_A, 1.5145, 0.0038
4FG4_B, 2.3325, 0.0039
4FGQ_A, 1.8513, 0.0005
4FHR_A, 2.0546, 0.0020
4FLF_A, 2.5660, 0.0207
4FWG_A, 8.4108, 0.1702
4FXE_E, 1.2440, 0.0055
4FYM_A, 3.0423, 0.0036
4G1K_C, 2.6181, 0.0227
4G6Q_A, 2.3924, 0.0038
4G7N_A, 3.3584, 0.0538
4G94_B, 2.9384, 0.0031
4G9S_B, 1.7320, 0.0016
4GA2_A, 2.4928, 0.0017
4GDX_A, 4.9747, 0.0336
4GEK_A, 2.3780, 0.0184
4GGT_A, 1.3065, 0.0032
4GIW_A, 2.1156, 0.0015
4GKI_C, 3.8751, 0.0600
4GNR_A, 3.3543, 0.0150
4GOU_A, 7.2039, 0.1010
4GPV_A, 3.5226, 0.0489
4GRH_A, 5.2468, 0.0738
4GTD_C, 2.7978, 0.0229
4H73_E, 6.1205, 0.0695
4HBQ_A, 3.6319, 0.0609
4HFR_A, 2.7334, 0.0065
4HJL_B, 2.8698, 0.0307
4HQB_D, 1.4869, 0.0012
4HSP_A, 2.0866, 0.0007
4HUB_D, 2.5591, 0.0039
4HUQ_S, 2.0837, 0.0010
4HV0_A, 1.2720, 0.0027
4HVY_A, 1.8198, 0.0012
4HX3_B, 1.4836, 0.0028
4I16_A, 1.1099, 0.0005
4I1L_A, 1.5486, 0.0007
4I3M_A, 2.5431, 0.0027
4I40_B, 2.7085, 0.0030
4I5U_A, 3.1679, 0.0026
4I9X_D, 2.1860, 0.0025
4ICI_A, 1.7596, 0.0038
4IDP_B, 6.2867, 0.0289
4IFA_A, 3.9066, 0.0024
4IGL_B, 7.6435, 0.0478
4IHK_A, 1.9092, 0.0016
4IHY_B, 2.1373, 0.0035
4ILJ_B, 3.4049, 0.0500
4ILO_A, 4.8754, 0.1057
4IMH_A, 4.3627, 0.0142
4IR4_A, 2.0175, 0.0095
4IVN_A, 3.5364, 0.0391
4IZC_B, 3.2241, 0.0503
4J3C_A, 2.8824, 0.0259
4J6M_C, 1.9235, 0.0022
4J7J_A, 1.4643, 0.0011
4J7N_A, 4.5131, 0.0771
4J8S_A, 2.7498, 0.0015
4J94_A, 3.9546, 0.0640
4JBM_A, 2.6607, 0.0016
4JD9_A, 1.5336, 0.0058
4JG5_A, 3.7310, 0.0716
4JHD_C, 2.2334, 0.0055
4JHM_A, 3.7864, 0.0771
4JPH_A, 1.9198, 0.0061
4JQP_A, 3.2847, 0.0400
4JY8_A, 3.3026, 0.0376
4K2U_A, 3.7696, 0.0334
4K6N_A, 4.0059, 0.0643
4K92_A, 2.9795, 0.0331
4KG4_A, 1.7123, 0.0059
4KH3_A, 5.8442, 0.1004
4KH8_A, 4.2162, 0.0558
4KIY_K, 2.0767, 0.0009
4KT3_B, 1.6990, 0.0026
4L0J_A, 2.8700, 0.0267
4L0L_A, 6.3334, 0.0877
4LBH_A, 1.3093, 0.0020
4LEU_A, 2.6550, 0.0235
4LIM_A, 4.8957, 0.0531
4LK9_A, 1.7743, 0.0053
4LPQ_A, 2.5070, 0.0009
4LQ6_A, 2.0682, 0.0035
4LVP_A, 1.7730, 0.0047
4M1U_A, 3.4515, 0.0521
4M6T_A, 2.7715, 0.0092
4M8O_A, 19.0785, 0.1918
4MAA_A, 3.8047, 0.0596
4MJ8_A, 2.1821, 0.0145
4MJD_A, 1.4099, 0.0011
4ML9_A, 3.4689, 0.0034
4MPO_A, 1.7064, 0.0048
4MPT_A, 3.6618, 0.0552
4MTN_A, 7.3210, 0.1439
4MU6_A, 7.8495, 0.0326
4NM6_A, 4.8062, 0.0883
4NOC_A, 2.0649, 0.0049
4NVS_A, 2.4659, 0.0083
4NX1_A, 3.4494, 0.0522
4NZK_A, 3.0552, 0.0025
4O92_A, 2.2468, 0.0798
